{
    "uvs": [[0.56426602602005, 0.0, 0.44361400604248047, 0.19147999584674835, 0.09989599883556366, 0.1618800014257431, 0.56426602602005, 0.26688599586486816, 0.17369599640369415, 0.045871999114751816, 0.9760760068893433, 0.058058999478816986, 0.8503299951553345, 0.3761189877986908, 0.6270859837532043, 0.3516309857368469, 0.4403510093688965, 0.5069860219955444, 0.04964900016784668, 0.4116879999637604, 0.0, 0.19535599648952484, 0.9760760068893433, 0.4947800040245056, 0.7957159876823425, 0.47523900866508484, 1.0, 0.9245920181274414, 0.7419660091400146, 0.9476500153541565, 1.0, 0.4947800040245056, 0.0, 0.5509219765663147, 0.13875199854373932, 0.6306650042533875, 0.005003000143915415, 0.8293859958648682, 0.3506850004196167, 1.0, 0.32905998826026917, 0.6749690175056458, 0.56426602602005, 0.8003659844398499, 0.7996209859848022, 0.5175179839134216, 0.3506850004196167, 0.5069860219955444]], 
    "faces": [40, 0, 1, 2, 0, 1, 2, 0, 1, 2, 40, 1, 0, 5, 1, 0, 3, 3, 4, 5, 40, 0, 2, 3, 0, 2, 4, 6, 7, 8, 40, 0, 3, 4, 0, 5, 6, 9, 10, 11, 40, 0, 4, 5, 0, 6, 7, 12, 13, 14, 40, 1, 5, 10, 1, 3, 8, 15, 16, 17, 40, 2, 1, 6, 2, 1, 9, 18, 19, 20, 40, 3, 2, 7, 4, 2, 10, 21, 22, 23, 40, 4, 3, 8, 6, 5, 11, 24, 25, 26, 40, 5, 4, 9, 7, 6, 12, 27, 28, 29, 40, 1, 10, 6, 1, 8, 9, 30, 31, 32, 40, 2, 6, 7, 2, 9, 10, 33, 34, 35, 40, 3, 7, 8, 13, 14, 15, 36, 37, 38, 40, 4, 8, 9, 6, 11, 12, 39, 40, 41, 40, 5, 9, 10, 16, 17, 18, 42, 43, 44, 40, 6, 10, 11, 19, 18, 20, 45, 46, 47, 40, 7, 6, 11, 14, 21, 22, 48, 49, 50, 40, 8, 7, 11, 15, 14, 22, 51, 52, 53, 40, 9, 8, 11, 17, 23, 20, 54, 55, 56, 40, 10, 9, 11, 18, 17, 20, 57, 58, 59], 
    "vertices": [0.47740701, -1.63352394, 0.30119801, 0.47263199, -0.64224201, 0.448854, -0.77696902, -0.12830301, 0.85506499, -0.91434401, -0.66119897, 0.173206, -0.075205, -0.111546, -1.00421906, 0.794568, -0.43755201, -0.755189, -0.40537, 0.96373802, 0.95434499, -1.07210505, 0.20091601, 0.88132501, -0.30623499, 0.55925298, -1.27554297, 0.585787, 0.62159997, -0.71207601, 1.08193398, 0.658903, 0.22217, -0.102496, 1.03506303, -0.62657899], 
    "materials": [{
        "opacity": 0.0, 
        "colorDiffuse": [0.4000000059604645, 0.4000000059604645, 0.4000000059604645], 
        "depthWrite": true, 
        "blending": "NormalBlending", 
        "shading": "Lambert", 
        "DbgName": "asteroid:initialShadingGroup1", 
        "transparent": true, 
        "depthTest": true, 
        "vertexColors": false
    }], 
    "normals": [0.25299007, -0.14134403, 0.95708823, 0.25299007, -0.14134403, 0.95708823, 0.25299007, -0.14134403, 0.95708823, 0.96692312, -0.033017, 0.25292203, 0.96692312, -0.033017, 0.25292203, 0.96692312, -0.033017, 0.25292203, -0.49657705, -0.63253808, 0.59439605, -0.49657705, -0.63253808, 0.59439605, -0.49657705, -0.63253808, 0.59439605, -0.415032, -0.67444199, -0.610636, -0.415032, -0.67444199, -0.610636, -0.415032, -0.67444199, -0.610636, -0.03066101, -0.65712428, -0.75315833, -0.03066101, -0.65712428, -0.75315833, -0.03066101, -0.65712428, -0.75315833, 0.90303111, -0.39243007, 0.17473802, 0.90303111, -0.39243007, 0.17473802, 0.90303111, -0.39243007, 0.17473802, 0.24117392, -0.16894895, 0.95566273, 0.24117392, -0.16894895, 0.95566273, 0.24117392, -0.16894895, 0.95566273, -0.59000081, -0.57419783, 0.56762284, -0.59000081, -0.57419783, 0.56762284, -0.59000081, -0.57419783, 0.56762284, -0.60108, -0.468813, -0.64723802, -0.60108, -0.468813, -0.64723802, -0.60108, -0.468813, -0.64723802, 0.30809999, 0.099247, -0.946163, 0.30809999, 0.099247, -0.946163, 0.30809999, 0.099247, -0.946163, 0.43355021, -0.04623602, 0.8999424, 0.43355021, -0.04623602, 0.8999424, 0.43355021, -0.04623602, 0.8999424, -0.008978, -0.08750596, 0.99612349, -0.008978, -0.08750596, 0.99612349, -0.008978, -0.08750596, 0.99612349, -0.94314498, 0.09018, -0.31991401, -0.94314498, 0.09018, -0.31991401, -0.94314498, 0.09018, -0.31991401, 0.53542805, -0.15165702, -0.8308531, 0.53542805, -0.15165702, -0.8308531, 0.53542805, -0.15165702, -0.8308531, 0.86406112, 0.18931103, -0.46643305, 0.86406112, 0.18931103, -0.46643305, 0.86406112, 0.18931103, -0.46643305, 0.2422999, 0.9660176, 0.09000296, 0.2422999, 0.9660176, 0.09000296, 0.2422999, 0.9660176, 0.09000296, -0.74279106, 0.65999907, -0.11252801, -0.74279106, 0.65999907, -0.11252801, -0.74279106, 0.65999907, -0.11252801, -0.7888419, 0.58684087, -0.18260898, -0.7888419, 0.58684087, -0.18260898, -0.7888419, 0.58684087, -0.18260898, 0.34446877, 0.70226252, -0.62303156, 0.34446877, 0.70226252, -0.62303156, 0.34446877, 0.70226252, -0.62303156, 0.46806192, 0.83748883, -0.28201094, 0.46806192, 0.83748883, -0.28201094, 0.46806192, 0.83748883, -0.28201094], 
    "metadata": {
        "formatVersion": 3.1, 
        "generatedBy": "Maya Exporter"
    }
}