{
    "uvs": [[0.17501799762248993, 0.947858989238739, 0.11371099948883057, 0.8726369738578796, 0.4499639868736267, 0.5713520050048828, 0.06032500043511391, 0.8028749823570251, 0.14395800232887268, 0.5747280120849609, 0.00012599999899975955, 0.7672889828681946, 0.2596690058708191, 0.5001260042190552, 0.3581070005893707, 0.5101379752159119, 0.3803749978542328, 0.9998739957809448, 0.2589479982852936, 0.9998739957809448, 0.7960609793663025, 0.7305589914321899, 0.5542809963226318, 0.9195410013198853, 0.6574749946594238, 0.7144110202789307, 0.5460460186004639, 0.6504669785499573, 0.17501799762248993, 0.05214099958539009, 0.4499639868736267, 0.4286479949951172, 0.11371099948883057, 0.12736299633979797, 0.06032500043511391, 0.19712600111961365, 0.14395800232887268, 0.42527198791503906, 0.00012599999899975955, 0.23271100223064423, 0.3581070005893707, 0.48986199498176575, 0.2596690058708191, 0.4998739957809448, 0.380374014377594, 0.00012599999899975955, 0.2589479982852936, 0.00012599999899975955, 0.7960609793663025, 0.26944100856781006, 0.6574749946594238, 0.2855890095233917, 0.5542809963226318, 0.08045899868011475, 0.5460460186004639, 0.34953299164772034]], 
    "faces": [40, 9, 8, 4, 0, 1, 2, 0, 1, 2, 40, 7, 1, 8, 3, 4, 1, 3, 4, 5, 40, 7, 0, 1, 3, 5, 4, 6, 7, 8, 40, 1, 2, 3, 4, 6, 7, 9, 10, 11, 40, 11, 10, 9, 8, 9, 0, 12, 13, 14, 40, 13, 12, 6, 10, 11, 12, 15, 16, 17, 40, 1, 4, 8, 4, 2, 1, 18, 19, 20, 40, 1, 3, 4, 4, 7, 2, 21, 22, 23, 40, 5, 6, 12, 13, 12, 11, 24, 25, 26, 40, 4, 5, 11, 2, 13, 8, 27, 28, 29, 40, 11, 9, 4, 8, 0, 2, 30, 31, 32, 40, 5, 12, 11, 13, 11, 8, 33, 34, 35, 40, 23, 18, 22, 14, 15, 16, 36, 37, 38, 40, 21, 22, 15, 17, 16, 18, 39, 40, 41, 40, 21, 15, 14, 17, 18, 19, 42, 43, 44, 40, 15, 17, 16, 18, 20, 21, 45, 46, 47, 40, 25, 23, 24, 22, 14, 23, 48, 49, 50, 40, 27, 20, 26, 24, 25, 26, 51, 52, 53, 40, 15, 22, 18, 18, 16, 15, 54, 55, 56, 40, 15, 18, 17, 18, 15, 20, 57, 58, 59, 40, 19, 26, 20, 27, 26, 25, 60, 61, 62, 40, 18, 25, 19, 15, 22, 27, 63, 64, 65, 40, 25, 18, 23, 22, 15, 14, 66, 67, 68, 40, 19, 25, 26, 27, 22, 26, 69, 70, 71], 
    "vertices": [-1.50470102, 0.0, 0.0, -0.92579299, 0.042398, -0.69989502, -0.47549301, 0.037406, -0.96159703, -0.106435, 0.004979, -0.90804303, 0.22874799, -0.03493, -0.66216898, 0.57742, -0.062366, -0.34691301, 0.98694998, -0.057374, -0.085211, -1.28379703, -0.012815, 0.145008, -1.09507596, -0.040858, 0.41712099, -0.87742603, -0.072428, 0.71107399, -0.56973499, -0.095826, 0.92160302, -0.110892, -0.099354, 0.94344401, 0.56021601, -0.071312, 0.67133099, 1.50470102, 0.0, 0.0, -1.50470102, 0.0, 0.0, -0.92579299, 0.042398, -0.69989502, -0.47549301, 0.037406, -0.96159703, -0.106435, 0.004979, -0.90804303, 0.22874799, -0.03493, -0.66216898, 0.57742, -0.062366, -0.34691301, 0.98694998, -0.057374, -0.085211, -1.28379703, -0.012815, 0.145008, -1.09507596, -0.040858, 0.41712099, -0.87742603, -0.072428, 0.71107399, -0.56973499, -0.095826, 0.92160302, -0.110892, -0.099354, 0.94344401, 0.56021601, -0.071312, 0.67133099, 1.50470102, 0.0, 0.0], 
    "materials": [{
        "opacity": 0.0, 
        "colorDiffuse": [0.4000000059604645, 0.4000000059604645, 0.4000000059604645], 
        "depthWrite": true, 
        "blending": "NormalBlending", 
        "shading": "Lambert", 
        "DbgName": "leaf:initialShadingGroup1", 
        "transparent": true, 
        "depthTest": true, 
        "vertexColors": false
    }], 
    "normals": [-0.03354098, -0.99746746, -0.06271696, -0.050143, -0.99592996, -0.074894, -0.04684601, -0.99695426, -0.06235002, -0.025026, -0.99681515, -0.07571801, -0.05658301, -0.99493313, -0.08310401, -0.050143, -0.99592996, -0.074894, -0.025026, -0.99681515, -0.07571801, -0.01178, -0.99746585, -0.07016399, -0.05658301, -0.99493313, -0.08310401, -0.05658301, -0.99493313, -0.08310401, -0.07193497, -0.99188459, -0.10483395, -0.065372, -0.99476397, -0.078556, -0.00586, -0.99913114, -0.041262, -0.002533, -0.99428195, -0.10675599, -0.03354098, -0.99746746, -0.06271696, 0.10351997, -0.99381971, 0.04007199, 0.04477099, -0.99899679, -0.000854, 0.06421102, -0.99777722, 0.017823, -0.05658301, -0.99493313, -0.08310401, -0.04684601, -0.99695426, -0.06235002, -0.050143, -0.99592996, -0.074894, -0.05658301, -0.99493313, -0.08310401, -0.065372, -0.99476397, -0.078556, -0.04684601, -0.99695426, -0.06235002, -0.008576, -0.99951571, -0.02990799, 0.06421102, -0.99777722, 0.017823, 0.04477099, -0.99899679, -0.000854, -0.04684601, -0.99695426, -0.06235002, -0.008576, -0.99951571, -0.02990799, -0.00586, -0.99913114, -0.041262, -0.00586, -0.99913114, -0.041262, -0.03354098, -0.99746746, -0.06271696, -0.04684601, -0.99695426, -0.06235002, -0.008576, -0.99951571, -0.02990799, 0.04477099, -0.99899679, -0.000854, -0.00586, -0.99913114, -0.041262, 0.03354098, 0.99746746, 0.06271696, 0.04684601, 0.99695426, 0.06235002, 0.050143, 0.99592996, 0.074894, 0.025026, 0.99681515, 0.07571801, 0.050143, 0.99592996, 0.074894, 0.05658301, 0.99493313, 0.08310401, 0.025026, 0.99681515, 0.07571801, 0.05658301, 0.99493313, 0.08310401, 0.01178, 0.99746585, 0.07016399, 0.05658301, 0.99493313, 0.08310401, 0.065372, 0.99476397, 0.078556, 0.07193497, 0.99188459, 0.10483395, 0.00586, 0.99913114, 0.041262, 0.03354098, 0.99746746, 0.06271696, 0.002533, 0.99428195, 0.10675599, -0.10351997, 0.99381971, -0.04007199, -0.06421102, 0.99777722, -0.017823, -0.04477099, 0.99899679, 0.000854, 0.05658301, 0.99493313, 0.08310401, 0.050143, 0.99592996, 0.074894, 0.04684601, 0.99695426, 0.06235002, 0.05658301, 0.99493313, 0.08310401, 0.04684601, 0.99695426, 0.06235002, 0.065372, 0.99476397, 0.078556, 0.008576, 0.99951571, 0.02990799, -0.04477099, 0.99899679, 0.000854, -0.06421102, 0.99777722, -0.017823, 0.04684601, 0.99695426, 0.06235002, 0.00586, 0.99913114, 0.041262, 0.008576, 0.99951571, 0.02990799, 0.00586, 0.99913114, 0.041262, 0.04684601, 0.99695426, 0.06235002, 0.03354098, 0.99746746, 0.06271696, 0.008576, 0.99951571, 0.02990799, 0.00586, 0.99913114, 0.041262, -0.04477099, 0.99899679, 0.000854], 
    "metadata": {
        "formatVersion": 3.1, 
        "generatedBy": "Maya Exporter"
    }
}